{"cameraMode":{"drawMode":0,"name":"Shaded","section":"Shading Mode"},"sceneLighting":true,"audioPlay":false,"sceneViewState":{"m_AlwaysRefresh":false,"showFog":true,"showSkybox":true,"showFlares":true,"showImageEffects":true,"showParticleSystems":true,"showVisualEffectGraphs":true,"m_FxEnabled":true},"in2DMode":false,"pivot":{"x":-6.2786030769348148,"y":3.440816640853882,"z":-0.4442558288574219},"rotation":{"x":-0.0752258375287056,"y":0.018542420119047166,"z":-0.0013956852490082384,"w":-0.9969996213912964},"size":10.223115921020508,"orthographic":false}